{
  "version": 1,
  "author": "Uri Shaked",
  "editor": "wokwi",
  "parts": [
    { "type": "board-esp32-devkit-c-v4", "id": "esp", "top": 19.2, "left": -33.56, "attrs": {} },
    {
      "type": "wokwi-dht22",
      "id": "dht1",
      "top": -124.5,
      "left": -120.6,
      "attrs": { "temperature": "9.2", "humidity": "33.5" }
    },
    { "type": "wokwi-relay-module", "id": "relay1", "top": -19, "left": 182.4, "attrs": {} },
    {
      "type": "wokwi-resistor",
      "id": "r1",
      "top": 43.2,
      "left": 345.05,
      "rotate": 90,
      "attrs": { "value": "220" }
    },
    { "type": "wokwi-led", "id": "led1", "top": -42, "left": 330.2, "attrs": { "color": "red" } },
    { "type": "wokwi-vcc", "id": "vcc1", "top": -76.04, "left": 211.2, "attrs": {} },
    { "type": "wokwi-gnd", "id": "gnd1", "top": 76.8, "left": 239.4, "attrs": {} }
  ],
  "connections": [
    [ "esp:TX", "$serialMonitor:RX", "", [] ],
    [ "esp:RX", "$serialMonitor:TX", "", [] ],
    [ "dht1:VCC", "esp:3V3", "red", [ "v0" ] ],
    [ "dht1:GND", "esp:GND.2", "black", [ "v-38.4", "h220.8" ] ],
    [ "dht1:SDA", "esp:4", "green", [ "v9.6", "h240.1", "v144" ] ],
    [ "relay1:IN", "esp:5", "green", [ "h-67.2", "v95.8" ] ],
    [ "led1:A", "r1:1", "green", [ "v0" ] ],
    [ "relay1:GND", "gnd1:GND", "black", [ "v47.6", "h67.2" ] ],
    [ "relay1:VCC", "vcc1:VCC", "red", [ "v-28.8", "h38.4" ] ],
    [ "led1:C", "gnd1:GND", "black", [ "v0" ] ],
    [ "relay1:COM", "vcc1:VCC", "red", [ "h30", "v-39.8" ] ],
    [ "relay1:NO", "r1:2", "green", [ "h39.6", "v65.4", "h38.4" ] ]
  ],
  "dependencies": {}
}